"date","total_cases_sum","total_deaths_sum","death_percentage"
"2020-01-05",NULL,0,NULL
"2020-01-06",NULL,0,NULL
"2020-01-07",NULL,0,NULL
"2020-01-08",NULL,0,NULL
"2020-01-09",NULL,0,NULL
"2020-01-10",NULL,0,NULL
"2020-01-11",NULL,0,NULL
"2020-01-12",NULL,0,NULL
"2020-01-13",NULL,0,NULL
"2020-01-14",NULL,0,NULL
"2020-01-15",NULL,0,NULL
"2020-01-16",NULL,0,NULL
"2020-01-17",NULL,0,NULL
"2020-01-18",NULL,0,NULL
"2020-01-19",NULL,0,NULL
"2020-01-20",NULL,0,NULL
"2020-01-21",NULL,0,NULL
"2020-01-22",NULL,0,NULL
"2020-01-23",NULL,0,NULL
"2020-01-24",NULL,0,NULL
"2020-01-25",NULL,0,NULL
"2020-01-26",NULL,0,NULL
"2020-01-27",NULL,0,NULL
"2020-01-28",NULL,0,NULL
"2020-01-29",NULL,0,NULL
"2020-01-30",NULL,0,NULL
"2020-01-31",NULL,0,NULL
"2020-02-01",NULL,0,NULL
"2020-02-02",NULL,0,NULL
"2020-02-03",NULL,0,NULL
"2020-02-04",NULL,0,NULL
"2020-02-05",NULL,0,NULL
"2020-02-06",NULL,0,NULL
"2020-02-07",NULL,0,NULL
"2020-02-08",NULL,0,NULL
"2020-02-09",NULL,0,NULL
"2020-02-10",NULL,0,NULL
"2020-02-11",NULL,0,NULL
"2020-02-12",NULL,0,NULL
"2020-02-13",NULL,0,NULL
"2020-02-14",NULL,0,NULL
"2020-02-15",NULL,0,NULL
"2020-02-16",1,0,0
"2020-02-17",1,0,0
"2020-02-18",1,0,0
"2020-02-19",1,0,0
"2020-02-20",1,0,0
"2020-02-21",1,0,0
"2020-02-22",1,0,0
"2020-02-23",1,0,0
"2020-02-24",1,0,0
"2020-02-25",1,0,0
"2020-02-26",1,0,0
"2020-02-27",1,0,0
"2020-02-28",1,0,0
"2020-02-29",1,0,0
"2020-03-01",4,0,0
"2020-03-02",4,0,0
"2020-03-03",4,0,0
"2020-03-04",4,0,0
"2020-03-05",4,0,0
"2020-03-06",4,0,0
"2020-03-07",4,0,0
"2020-03-08",81,5,6.172839506172839
"2020-03-09",81,5,6.172839506172839
"2020-03-10",81,5,6.172839506172839
"2020-03-11",81,5,6.172839506172839
"2020-03-12",81,5,6.172839506172839
"2020-03-13",81,5,6.172839506172839
"2020-03-14",81,5,6.172839506172839
"2020-03-15",354,10,2.824858757062147
"2020-03-16",354,10,2.824858757062147
"2020-03-17",354,10,2.824858757062147
"2020-03-18",354,10,2.824858757062147
"2020-03-19",354,10,2.824858757062147
"2020-03-20",354,10,2.824858757062147
"2020-03-21",354,10,2.824858757062147
"2020-03-22",1431,29,2.026554856743536
"2020-03-23",1431,29,2.026554856743536
"2020-03-24",1431,29,2.026554856743536
"2020-03-25",1431,29,2.026554856743536
"2020-03-26",1431,29,2.026554856743536
"2020-03-27",1431,29,2.026554856743536
"2020-03-28",1431,29,2.026554856743536
"2020-03-29",4843,150,3.097253768325418
"2020-03-30",4843,150,3.097253768325418
"2020-03-31",4843,150,3.097253768325418
"2020-04-01",4843,150,3.097253768325418
"2020-04-02",4843,150,3.097253768325418
"2020-04-03",4843,150,3.097253768325418
"2020-04-04",4843,150,3.097253768325418
"2020-04-05",9827,601,6.115803398799226
"2020-04-06",9827,601,6.115803398799226
"2020-04-07",9827,601,6.115803398799226
"2020-04-08",9827,601,6.115803398799226
"2020-04-09",9827,601,6.115803398799226
"2020-04-10",9827,601,6.115803398799226
"2020-04-11",9827,601,6.115803398799226
"2020-04-12",15527,972,6.260063115862691
"2020-04-13",15527,972,6.260063115862691
"2020-04-14",15527,972,6.260063115862691
"2020-04-15",15527,972,6.260063115862691
"2020-04-16",15527,972,6.260063115862691
"2020-04-17",15527,972,6.260063115862691
"2020-04-18",15527,972,6.260063115862691
"2020-04-19",23276,1532,6.581886922151573
"2020-04-20",23276,1532,6.581886922151573
"2020-04-21",23276,1532,6.581886922151573
"2020-04-22",23276,1532,6.581886922151573
"2020-04-23",23276,1532,6.581886922151573
"2020-04-24",23276,1532,6.581886922151573
"2020-04-25",23276,1532,6.581886922151573
"2020-04-26",33330,1835,5.505550555055506
"2020-04-27",33330,1835,5.505550555055506
"2020-04-28",33330,1835,5.505550555055506
"2020-04-29",33330,1835,5.505550555055506
"2020-04-30",33330,1835,5.505550555055506
"2020-05-01",33330,1835,5.505550555055506
"2020-05-02",33330,1835,5.505550555055506
"2020-05-03",46956,2246,4.783201294829202
"2020-05-04",46956,2246,4.783201294829202
"2020-05-05",46956,2246,4.783201294829202
"2020-05-06",46956,2246,4.783201294829202
"2020-05-07",46956,2246,4.783201294829202
"2020-05-08",46956,2246,4.783201294829202
"2020-05-09",46956,2246,4.783201294829202
"2020-05-10",66499,2740,4.120362712221237
"2020-05-11",66499,2740,4.120362712221237
"2020-05-12",66499,2740,4.120362712221237
"2020-05-13",66499,2740,4.120362712221237
"2020-05-14",66499,2740,4.120362712221237
"2020-05-15",66499,2740,4.120362712221237
"2020-05-16",66499,2740,4.120362712221237
"2020-05-17",90347,3250,3.597241745713748
"2020-05-18",90347,3250,3.597241745713748
"2020-05-19",90347,3250,3.597241745713748
"2020-05-20",90347,3250,3.597241745713748
"2020-05-21",90347,3250,3.597241745713748
"2020-05-22",90347,3250,3.597241745713748
"2020-05-23",90347,3250,3.597241745713748
"2020-05-24",121164,3850,3.1775114720544053
"2020-05-25",121164,3850,3.1775114720544053
"2020-05-26",121164,3850,3.1775114720544053
"2020-05-27",121164,3850,3.1775114720544053
"2020-05-28",121164,3850,3.1775114720544053
"2020-05-29",121164,3850,3.1775114720544053
"2020-05-30",121164,3850,3.1775114720544053
"2020-05-31",160120,4698,2.934049462902823
"2020-06-01",160120,4698,2.934049462902823
"2020-06-02",160120,4698,2.934049462902823
"2020-06-03",160120,4698,2.934049462902823
"2020-06-04",160120,4698,2.934049462902823
"2020-06-05",160120,4698,2.934049462902823
"2020-06-06",160120,4698,2.934049462902823
"2020-06-07",208687,6455,3.0931490701385327
"2020-06-08",208687,6455,3.0931490701385327
"2020-06-09",208687,6455,3.0931490701385327
"2020-06-10",208687,6455,3.0931490701385327
"2020-06-11",208687,6455,3.0931490701385327
"2020-06-12",208687,6455,3.0931490701385327
"2020-06-13",208687,6455,3.0931490701385327
"2020-06-14",264682,8125,3.0697214015308933
"2020-06-15",264682,8125,3.0697214015308933
"2020-06-16",264682,8125,3.0697214015308933
"2020-06-17",264682,8125,3.0697214015308933
"2020-06-18",264682,8125,3.0697214015308933
"2020-06-19",264682,8125,3.0697214015308933
"2020-06-20",264682,8125,3.0697214015308933
"2020-06-21",332689,10350,3.111013589268055
"2020-06-22",332689,10350,3.111013589268055
"2020-06-23",332689,10350,3.111013589268055
"2020-06-24",332689,10350,3.111013589268055
"2020-06-25",332689,10350,3.111013589268055
"2020-06-26",332689,10350,3.111013589268055
"2020-06-27",332689,10350,3.111013589268055
"2020-06-28",411834,12708,3.085709290636519
"2020-06-29",411834,12708,3.085709290636519
"2020-06-30",411834,12708,3.085709290636519
"2020-07-01",411834,12708,3.085709290636519
"2020-07-02",411834,12708,3.085709290636519
"2020-07-03",411834,12708,3.085709290636519
"2020-07-04",411834,12708,3.085709290636519
"2020-07-05",508443,14683,2.8878360012823463
"2020-07-06",508443,14683,2.8878360012823463
"2020-07-07",508443,14683,2.8878360012823463
"2020-07-08",508443,14683,2.8878360012823463
"2020-07-09",508443,14683,2.8878360012823463
"2020-07-10",508443,14683,2.8878360012823463
"2020-07-11",508443,14683,2.8878360012823463
"2020-07-12",622968,16849,2.704633303797306
"2020-07-13",622968,16849,2.704633303797306
"2020-07-14",622968,16849,2.704633303797306
"2020-07-15",622968,16849,2.704633303797306
"2020-07-16",622968,16849,2.704633303797306
"2020-07-17",622968,16849,2.704633303797306
"2020-07-18",622968,16849,2.704633303797306
"2020-07-19",750398,18998,2.531723165573469
"2020-07-20",750398,18998,2.531723165573469
"2020-07-21",750398,18998,2.531723165573469
"2020-07-22",750398,18998,2.531723165573469
"2020-07-23",750398,18998,2.531723165573469
"2020-07-24",750398,18998,2.531723165573469
"2020-07-25",750398,18998,2.531723165573469
"2020-07-26",877432,21654,2.467883551089999
"2020-07-27",877432,21654,2.467883551089999
"2020-07-28",877432,21654,2.467883551089999
"2020-07-29",877432,21654,2.467883551089999
"2020-07-30",877432,21654,2.467883551089999
"2020-07-31",877432,21654,2.467883551089999
"2020-08-01",877432,21654,2.467883551089999
"2020-08-02",993332,24146,2.430808631957895
"2020-08-03",993332,24146,2.430808631957895
"2020-08-04",993332,24146,2.430808631957895
"2020-08-05",993332,24146,2.430808631957895
"2020-08-06",993332,24146,2.430808631957895
"2020-08-07",993332,24146,2.430808631957895
"2020-08-08",993332,24146,2.430808631957895
"2020-08-09",1085232,27140,2.5008477449983046
"2020-08-10",1085232,27140,2.5008477449983046
"2020-08-11",1085232,27140,2.5008477449983046
"2020-08-12",1085232,27140,2.5008477449983046
"2020-08-13",1085232,27140,2.5008477449983046
"2020-08-14",1085232,27140,2.5008477449983046
"2020-08-15",1085232,27140,2.5008477449983046
"2020-08-16",1159666,29587,2.5513380576821256
"2020-08-17",1159666,29587,2.5513380576821256
"2020-08-18",1159666,29587,2.5513380576821256
"2020-08-19",1159666,29587,2.5513380576821256
"2020-08-20",1159666,29587,2.5513380576821256
"2020-08-21",1159666,29587,2.5513380576821256
"2020-08-22",1159666,29587,2.5513380576821256
"2020-08-23",1231023,31811,2.5841109386258423
"2020-08-24",1231023,31811,2.5841109386258423
"2020-08-25",1231023,31811,2.5841109386258423
"2020-08-26",1231023,31811,2.5841109386258423
"2020-08-27",1231023,31811,2.5841109386258423
"2020-08-28",1231023,31811,2.5841109386258423
"2020-08-29",1231023,31811,2.5841109386258423
"2020-08-30",1290878,33660,2.6075275897489925
"2020-08-31",1290878,33660,2.6075275897489925
"2020-09-01",1290878,33660,2.6075275897489925
"2020-09-02",1290878,33660,2.6075275897489925
"2020-09-03",1290878,33660,2.6075275897489925
"2020-09-04",1290878,33660,2.6075275897489925
"2020-09-05",1290878,33660,2.6075275897489925
"2020-09-06",1347673,35328,2.621407418565186
"2020-09-07",1347673,35328,2.621407418565186
"2020-09-08",1347673,35328,2.621407418565186
"2020-09-09",1347673,35328,2.621407418565186
"2020-09-10",1347673,35328,2.621407418565186
"2020-09-11",1347673,35328,2.621407418565186
"2020-09-12",1347673,35328,2.621407418565186
"2020-09-13",1404388,36808,2.6209281195794896
"2020-09-14",1404388,36808,2.6209281195794896
"2020-09-15",1404388,36808,2.6209281195794896
"2020-09-16",1404388,36808,2.6209281195794896
"2020-09-17",1404388,36808,2.6209281195794896
"2020-09-18",1404388,36808,2.6209281195794896
"2020-09-19",1404388,36808,2.6209281195794896
"2020-09-20",1459265,38166,2.6154262591098947
"2020-09-21",1459265,38166,2.6154262591098947
"2020-09-22",1459265,38166,2.6154262591098947
"2020-09-23",1459265,38166,2.6154262591098947
"2020-09-24",1459265,38166,2.6154262591098947
"2020-09-25",1459265,38166,2.6154262591098947
"2020-09-26",1459265,38166,2.6154262591098947
"2020-09-27",1513990,39703,2.6224083382320886
"2020-09-28",1513990,39703,2.6224083382320886
"2020-09-29",1513990,39703,2.6224083382320886
"2020-09-30",1513990,39703,2.6224083382320886
"2020-10-01",1513990,39703,2.6224083382320886
"2020-10-02",1513990,39703,2.6224083382320886
"2020-10-03",1513990,39703,2.6224083382320886
"2020-10-04",1569417,41146,2.6217378810093175
"2020-10-05",1569417,41146,2.6217378810093175
"2020-10-06",1569417,41146,2.6217378810093175
"2020-10-07",1569417,41146,2.6217378810093175
"2020-10-08",1569417,41146,2.6217378810093175
"2020-10-09",1569417,41146,2.6217378810093175
"2020-10-10",1569417,41146,2.6217378810093175
"2020-10-11",1634376,42637,2.608763222171642
"2020-10-12",1634376,42637,2.608763222171642
"2020-10-13",1634376,42637,2.608763222171642
"2020-10-14",1634376,42637,2.608763222171642
"2020-10-15",1634376,42637,2.608763222171642
"2020-10-16",1634376,42637,2.608763222171642
"2020-10-17",1634376,42637,2.608763222171642
"2020-10-18",1704948,43686,2.5623068856058953
"2020-10-19",1704948,43686,2.5623068856058953
"2020-10-20",1704948,43686,2.5623068856058953
"2020-10-21",1704948,43686,2.5623068856058953
"2020-10-22",1704948,43686,2.5623068856058953
"2020-10-23",1704948,43686,2.5623068856058953
"2020-10-24",1704948,43686,2.5623068856058953
"2020-10-25",1780930,45060,2.5301387477329262
"2020-10-26",1780930,45060,2.5301387477329262
"2020-10-27",1780930,45060,2.5301387477329262
"2020-10-28",1780930,45060,2.5301387477329262
"2020-10-29",1780930,45060,2.5301387477329262
"2020-10-30",1780930,45060,2.5301387477329262
"2020-10-31",1780930,45060,2.5301387477329262
"2020-11-01",1859627,46551,2.503243930099961
"2020-11-02",1859627,46551,2.503243930099961
"2020-11-03",1859627,46551,2.503243930099961
"2020-11-04",1859627,46551,2.503243930099961
"2020-11-05",1859627,46551,2.503243930099961
"2020-11-06",1859627,46551,2.503243930099961
"2020-11-07",1859627,46551,2.503243930099961
"2020-11-08",1948342,48497,2.4891420500097006
"2020-11-09",1948342,48497,2.4891420500097006
"2020-11-10",1948342,48497,2.4891420500097006
"2020-11-11",1948342,48497,2.4891420500097006
"2020-11-12",1948342,48497,2.4891420500097006
"2020-11-13",1948342,48497,2.4891420500097006
"2020-11-14",1948342,48497,2.4891420500097006
"2020-11-15",2047055,50286,2.4565045882988
"2020-11-16",2047055,50286,2.4565045882988
"2020-11-17",2047055,50286,2.4565045882988
"2020-11-18",2047055,50286,2.4565045882988
"2020-11-19",2047055,50286,2.4565045882988
"2020-11-20",2047055,50286,2.4565045882988
"2020-11-21",2047055,50286,2.4565045882988
"2020-11-22",2148524,52294,2.433950004747445
"2020-11-23",2148524,52294,2.433950004747445
"2020-11-24",2148524,52294,2.433950004747445
"2020-11-25",2148524,52294,2.433950004747445
"2020-11-26",2148524,52294,2.433950004747445
"2020-11-27",2148524,52294,2.433950004747445
"2020-11-28",2148524,52294,2.433950004747445
"2020-11-29",2248650,54544,2.4256331576723813
"2020-11-30",2248650,54544,2.4256331576723813
"2020-12-01",2248650,54544,2.4256331576723813
"2020-12-02",2248650,54544,2.4256331576723813
"2020-12-03",2248650,54544,2.4256331576723813
"2020-12-04",2248650,54544,2.4256331576723813
"2020-12-05",2248650,54544,2.4256331576723813
"2020-12-06",2354626,56817,2.4129946751628495
"2020-12-07",2354626,56817,2.4129946751628495
"2020-12-08",2354626,56817,2.4129946751628495
"2020-12-09",2354626,56817,2.4129946751628495
"2020-12-10",2354626,56817,2.4129946751628495
"2020-12-11",2354626,56817,2.4129946751628495
"2020-12-12",2354626,56817,2.4129946751628495
"2020-12-13",2475426,59432,2.400879686971051
"2020-12-14",2475426,59432,2.400879686971051
"2020-12-15",2475426,59432,2.400879686971051
"2020-12-16",2475426,59432,2.400879686971051
"2020-12-17",2475426,59432,2.400879686971051
"2020-12-18",2475426,59432,2.400879686971051
"2020-12-19",2475426,59432,2.400879686971051
"2020-12-20",2611592,62360,2.3878155546501905
"2020-12-21",2611592,62360,2.3878155546501905
"2020-12-22",2611592,62360,2.3878155546501905
"2020-12-23",2611592,62360,2.3878155546501905
"2020-12-24",2611592,62360,2.3878155546501905
"2020-12-25",2611592,62360,2.3878155546501905
"2020-12-26",2611592,62360,2.3878155546501905
"2020-12-27",2769680,65926,2.3802749776147425
"2020-12-28",2769680,65926,2.3802749776147425
"2020-12-29",2769680,65926,2.3802749776147425
"2020-12-30",2769680,65926,2.3802749776147425
"2020-12-31",2769680,65926,2.3802749776147425
"2021-01-01",2769680,65926,2.3802749776147425
"2021-01-02",2769680,65926,2.3802749776147425
"2021-01-03",2938801,70328,2.3930847988686543
"2021-01-04",2938801,70328,2.3930847988686543
"2021-01-05",2938801,70328,2.3930847988686543
"2021-01-06",2938801,70328,2.3930847988686543
"2021-01-07",2938801,70328,2.3930847988686543
"2021-01-08",2938801,70328,2.3930847988686543
"2021-01-09",2938801,70328,2.3930847988686543
"2021-01-10",3161208,75951,2.4025941981672827
"2021-01-11",3161208,75951,2.4025941981672827
"2021-01-12",3161208,75951,2.4025941981672827
"2021-01-13",3161208,75951,2.4025941981672827
"2021-01-14",3161208,75951,2.4025941981672827
"2021-01-15",3161208,75951,2.4025941981672827
"2021-01-16",3161208,75951,2.4025941981672827
"2021-01-17",3378645,82227,2.4337271302548804
"2021-01-18",3378645,82227,2.4337271302548804
"2021-01-19",3378645,82227,2.4337271302548804
"2021-01-20",3378645,82227,2.4337271302548804
"2021-01-21",3378645,82227,2.4337271302548804
"2021-01-22",3378645,82227,2.4337271302548804
"2021-01-23",3378645,82227,2.4337271302548804
"2021-01-24",3567707,88568,2.482490854770305
"2021-01-25",3567707,88568,2.482490854770305
"2021-01-26",3567707,88568,2.482490854770305
"2021-01-27",3567707,88568,2.482490854770305
"2021-01-28",3567707,88568,2.482490854770305
"2021-01-29",3567707,88568,2.482490854770305
"2021-01-30",3567707,88568,2.482490854770305
"2021-01-31",3709092,94389,2.5448007221174347
"2021-02-01",3709092,94389,2.5448007221174347
"2021-02-02",3709092,94389,2.5448007221174347
"2021-02-03",3709092,94389,2.5448007221174347
"2021-02-04",3709092,94389,2.5448007221174347
"2021-02-05",3709092,94389,2.5448007221174347
"2021-02-06",3709092,94389,2.5448007221174347
"2021-02-07",3823783,98759,2.5827563959565696
"2021-02-08",3823783,98759,2.5827563959565696
"2021-02-09",3823783,98759,2.5827563959565696
"2021-02-10",3823783,98759,2.5827563959565696
"2021-02-11",3823783,98759,2.5827563959565696
"2021-02-12",3823783,98759,2.5827563959565696
"2021-02-13",3823783,98759,2.5827563959565696
"2021-02-14",3918580,102365,2.6122983325592433
"2021-02-15",3918580,102365,2.6122983325592433
"2021-02-16",3918580,102365,2.6122983325592433
"2021-02-17",3918580,102365,2.6122983325592433
"2021-02-18",3918580,102365,2.6122983325592433
"2021-02-19",3918580,102365,2.6122983325592433
"2021-02-20",3918580,102365,2.6122983325592433
"2021-02-21",4003071,105263,2.629556158259496
"2021-02-22",4003071,105263,2.629556158259496
"2021-02-23",4003071,105263,2.629556158259496
"2021-02-24",4003071,105263,2.629556158259496
"2021-02-25",4003071,105263,2.629556158259496
"2021-02-26",4003071,105263,2.629556158259496
"2021-02-27",4003071,105263,2.629556158259496
"2021-02-28",4084563,107892,2.6414576051342578
"2021-03-01",4084563,107892,2.6414576051342578
"2021-03-02",4084563,107892,2.6414576051342578
"2021-03-03",4084563,107892,2.6414576051342578
"2021-03-04",4084563,107892,2.6414576051342578
"2021-03-05",4084563,107892,2.6414576051342578
"2021-03-06",4084563,107892,2.6414576051342578
"2021-03-07",4161601,110191,2.647803093088453
"2021-03-08",4161601,110191,2.647803093088453
"2021-03-09",4161601,110191,2.647803093088453
"2021-03-10",4161601,110191,2.647803093088453
"2021-03-11",4161601,110191,2.647803093088453
"2021-03-12",4161601,110191,2.647803093088453
"2021-03-13",4161601,110191,2.647803093088453
"2021-03-14",4233459,112279,2.6521811124189463
"2021-03-15",4233459,112279,2.6521811124189463
"2021-03-16",4233459,112279,2.6521811124189463
"2021-03-17",4233459,112279,2.6521811124189463
"2021-03-18",4233459,112279,2.6521811124189463
"2021-03-19",4233459,112279,2.6521811124189463
"2021-03-20",4233459,112279,2.6521811124189463
"2021-03-21",4318729,114738,2.656753873651253
"2021-03-22",4318729,114738,2.656753873651253
"2021-03-23",4318729,114738,2.656753873651253
"2021-03-24",4318729,114738,2.656753873651253
"2021-03-25",4318729,114738,2.656753873651253
"2021-03-26",4318729,114738,2.656753873651253
"2021-03-27",4318729,114738,2.656753873651253
"2021-03-28",4400216,116827,2.655028753133937
"2021-03-29",4400216,116827,2.655028753133937
"2021-03-30",4400216,116827,2.655028753133937
"2021-03-31",4400216,116827,2.655028753133937
"2021-04-01",4400216,116827,2.655028753133937
"2021-04-02",4400216,116827,2.655028753133937
"2021-04-03",4400216,116827,2.655028753133937
"2021-04-04",4484012,118720,2.6476289537137725
"2021-04-05",4484012,118720,2.6476289537137725
"2021-04-06",4484012,118720,2.6476289537137725
"2021-04-07",4484012,118720,2.6476289537137725
"2021-04-08",4484012,118720,2.6476289537137725
"2021-04-09",4484012,118720,2.6476289537137725
"2021-04-10",4484012,118720,2.6476289537137725
"2021-04-11",4567649,120718,2.6428913430081864
"2021-04-12",4567649,120718,2.6428913430081864
"2021-04-13",4567649,120718,2.6428913430081864
"2021-04-14",4567649,120718,2.6428913430081864
"2021-04-15",4567649,120718,2.6428913430081864
"2021-04-16",4567649,120718,2.6428913430081864
"2021-04-17",4567649,120718,2.6428913430081864
"2021-04-18",4653913,122974,2.6423785747606368
"2021-04-19",4653913,122974,2.6423785747606368
"2021-04-20",4653913,122974,2.6423785747606368
"2021-04-21",4653913,122974,2.6423785747606368
"2021-04-22",4653913,122974,2.6423785747606368
"2021-04-23",4653913,122974,2.6423785747606368
"2021-04-24",4653913,122974,2.6423785747606368
"2021-04-25",4738353,125236,2.6430280732566778
"2021-04-26",4738353,125236,2.6430280732566778
"2021-04-27",4738353,125236,2.6430280732566778
"2021-04-28",4738353,125236,2.6430280732566778
"2021-04-29",4738353,125236,2.6430280732566778
"2021-04-30",4738353,125236,2.6430280732566778
"2021-05-01",4738353,125236,2.6430280732566778
"2021-05-02",4808786,127521,2.6518335396917223
"2021-05-03",4808786,127521,2.6518335396917223
"2021-05-04",4808786,127521,2.6518335396917223
"2021-05-05",4808786,127521,2.6518335396917223
"2021-05-06",4808786,127521,2.6518335396917223
"2021-05-07",4808786,127521,2.6518335396917223
"2021-05-08",4808786,127521,2.6518335396917223
"2021-05-09",4870221,129706,2.663246698661108
"2021-05-10",4870221,129706,2.663246698661108
"2021-05-11",4870221,129706,2.663246698661108
"2021-05-12",4870221,129706,2.663246698661108
"2021-05-13",4870221,129706,2.663246698661108
"2021-05-14",4870221,129706,2.663246698661108
"2021-05-15",4870221,129706,2.663246698661108
"2021-05-16",4930100,131726,2.6718727814851624
"2021-05-17",4930100,131726,2.6718727814851624
"2021-05-18",4930100,131726,2.6718727814851624
"2021-05-19",4930100,131726,2.6718727814851624
"2021-05-20",4930100,131726,2.6718727814851624
"2021-05-21",4930100,131726,2.6718727814851624
"2021-05-22",4930100,131726,2.6718727814851624
"2021-05-23",4998782,133893,2.678512485641502
"2021-05-24",4998782,133893,2.678512485641502
"2021-05-25",4998782,133893,2.678512485641502
"2021-05-26",4998782,133893,2.678512485641502
"2021-05-27",4998782,133893,2.678512485641502
"2021-05-28",4998782,133893,2.678512485641502
"2021-05-29",4998782,133893,2.678512485641502
"2021-05-30",5078666,135898,2.67586015697823
"2021-05-31",5078666,135898,2.67586015697823
"2021-06-01",5078666,135898,2.67586015697823
"2021-06-02",5078666,135898,2.67586015697823
"2021-06-03",5078666,135898,2.67586015697823
"2021-06-04",5078666,135898,2.67586015697823
"2021-06-05",5078666,135898,2.67586015697823
"2021-06-06",5177174,138144,2.668328319658563
"2021-06-07",5177174,138144,2.668328319658563
"2021-06-08",5177174,138144,2.668328319658563
"2021-06-09",5177174,138144,2.668328319658563
"2021-06-10",5177174,138144,2.668328319658563
"2021-06-11",5177174,138144,2.668328319658563
"2021-06-12",5177174,138144,2.668328319658563
"2021-06-13",5306548,140771,2.652779170187474
"2021-06-14",5306548,140771,2.652779170187474
"2021-06-15",5306548,140771,2.652779170187474
"2021-06-16",5306548,140771,2.652779170187474
"2021-06-17",5306548,140771,2.652779170187474
"2021-06-18",5306548,140771,2.652779170187474
"2021-06-19",5306548,140771,2.652779170187474
"2021-06-20",5476379,144325,2.6354092731711956
"2021-06-21",5476379,144325,2.6354092731711956
"2021-06-22",5476379,144325,2.6354092731711956
"2021-06-23",5476379,144325,2.6354092731711956
"2021-06-24",5476379,144325,2.6354092731711956
"2021-06-25",5476379,144325,2.6354092731711956
"2021-06-26",5476379,144325,2.6354092731711956
"2021-06-27",5692927,148450,2.607621703211722
"2021-06-28",5692927,148450,2.607621703211722
"2021-06-29",5692927,148450,2.607621703211722
"2021-06-30",5692927,148450,2.607621703211722
"2021-07-01",5692927,148450,2.607621703211722
"2021-07-02",5692927,148450,2.607621703211722
"2021-07-03",5692927,148450,2.607621703211722
"2021-07-04",5954097,153986,2.5862192033485516
"2021-07-05",5954097,153986,2.5862192033485516
"2021-07-06",5954097,153986,2.5862192033485516
"2021-07-07",5954097,153986,2.5862192033485516
"2021-07-08",5954097,153986,2.5862192033485516
"2021-07-09",5954097,153986,2.5862192033485516
"2021-07-10",5954097,153986,2.5862192033485516
"2021-07-11",6247134,160094,2.562679142147423
"2021-07-12",6247134,160094,2.562679142147423
"2021-07-13",6247134,160094,2.562679142147423
"2021-07-14",6247134,160094,2.562679142147423
"2021-07-15",6247134,160094,2.562679142147423
"2021-07-16",6247134,160094,2.562679142147423
"2021-07-17",6247134,160094,2.562679142147423
"2021-07-18",6538396,166664,2.549004373549721
"2021-07-19",6538396,166664,2.549004373549721
"2021-07-20",6538396,166664,2.549004373549721
"2021-07-21",6538396,166664,2.549004373549721
"2021-07-22",6538396,166664,2.549004373549721
"2021-07-23",6538396,166664,2.549004373549721
"2021-07-24",6538396,166664,2.549004373549721
"2021-07-25",6788448,173425,2.5547076445160957
"2021-07-26",6788448,173425,2.5547076445160957
"2021-07-27",6788448,173425,2.5547076445160957
"2021-07-28",6788448,173425,2.5547076445160957
"2021-07-29",6788448,173425,2.5547076445160957
"2021-07-30",6788448,173425,2.5547076445160957
"2021-07-31",6788448,173425,2.5547076445160957
"2021-08-01",7066545,180214,2.5502420206762992
"2021-08-02",7066545,180214,2.5502420206762992
"2021-08-03",7066545,180214,2.5502420206762992
"2021-08-04",7066545,180214,2.5502420206762992
"2021-08-05",7066545,180214,2.5502420206762992
"2021-08-06",7066545,180214,2.5502420206762992
"2021-08-07",7066545,180214,2.5502420206762992
"2021-08-08",7367319,187489,2.5448741937195876
"2021-08-09",7367319,187489,2.5448741937195876
"2021-08-10",7367319,187489,2.5448741937195876
"2021-08-11",7367319,187489,2.5448741937195876
"2021-08-12",7367319,187489,2.5448741937195876
"2021-08-13",7367319,187489,2.5448741937195876
"2021-08-14",7367319,187489,2.5448741937195876
"2021-08-15",7623954,193751,2.5413453438989797
"2021-08-16",7623954,193751,2.5413453438989797
"2021-08-17",7623954,193751,2.5413453438989797
"2021-08-18",7623954,193751,2.5413453438989797
"2021-08-19",7623954,193751,2.5413453438989797
"2021-08-20",7623954,193751,2.5413453438989797
"2021-08-21",7623954,193751,2.5413453438989797
"2021-08-22",7895712,199495,2.526624577998792
"2021-08-23",7895712,199495,2.526624577998792
"2021-08-24",7895712,199495,2.526624577998792
"2021-08-25",7895712,199495,2.526624577998792
"2021-08-26",7895712,199495,2.526624577998792
"2021-08-27",7895712,199495,2.526624577998792
"2021-08-28",7895712,199495,2.526624577998792
"2021-08-29",8123415,205174,2.525711169501989
"2021-08-30",8123415,205174,2.525711169501989
"2021-08-31",8123415,205174,2.525711169501989
"2021-09-01",8123415,205174,2.525711169501989
"2021-09-02",8123415,205174,2.525711169501989
"2021-09-03",8123415,205174,2.525711169501989
"2021-09-04",8123415,205174,2.525711169501989
"2021-09-05",8305983,209866,2.5266846801877634
"2021-09-06",8305983,209866,2.5266846801877634
"2021-09-07",8305983,209866,2.5266846801877634
"2021-09-08",8305983,209866,2.5266846801877634
"2021-09-09",8305983,209866,2.5266846801877634
"2021-09-10",8305983,209866,2.5266846801877634
"2021-09-11",8305983,209866,2.5266846801877634
"2021-09-12",8448100,213597,2.528343651235189
"2021-09-13",8448100,213597,2.528343651235189
"2021-09-14",8448100,213597,2.528343651235189
"2021-09-15",8448100,213597,2.528343651235189
"2021-09-16",8448100,213597,2.528343651235189
"2021-09-17",8448100,213597,2.528343651235189
"2021-09-18",8448100,213597,2.528343651235189
"2021-09-19",8579766,216966,2.528810226292885
"2021-09-20",8579766,216966,2.528810226292885
"2021-09-21",8579766,216966,2.528810226292885
"2021-09-22",8579766,216966,2.528810226292885
"2021-09-23",8579766,216966,2.528810226292885
"2021-09-24",8579766,216966,2.528810226292885
"2021-09-25",8579766,216966,2.528810226292885
"2021-09-26",8677489,219814,2.5331521595705855
"2021-09-27",8677489,219814,2.5331521595705855
"2021-09-28",8677489,219814,2.5331521595705855
"2021-09-29",8677489,219814,2.5331521595705855
"2021-09-30",8677489,219814,2.5331521595705855
"2021-10-01",8677489,219814,2.5331521595705855
"2021-10-02",8677489,219814,2.5331521595705855
"2021-10-03",8750931,222325,2.5405868244190244
"2021-10-04",8750931,222325,2.5405868244190244
"2021-10-05",8750931,222325,2.5405868244190244
"2021-10-06",8750931,222325,2.5405868244190244
"2021-10-07",8750931,222325,2.5405868244190244
"2021-10-08",8750931,222325,2.5405868244190244
"2021-10-09",8750931,222325,2.5405868244190244
"2021-10-10",8808133,224301,2.5465214932608307
"2021-10-11",8808133,224301,2.5465214932608307
"2021-10-12",8808133,224301,2.5465214932608307
"2021-10-13",8808133,224301,2.5465214932608307
"2021-10-14",8808133,224301,2.5465214932608307
"2021-10-15",8808133,224301,2.5465214932608307
"2021-10-16",8808133,224301,2.5465214932608307
"2021-10-17",8857408,225902,2.550430103253683
"2021-10-18",8857408,225902,2.550430103253683
"2021-10-19",8857408,225902,2.550430103253683
"2021-10-20",8857408,225902,2.550430103253683
"2021-10-21",8857408,225902,2.550430103253683
"2021-10-22",8857408,225902,2.550430103253683
"2021-10-23",8857408,225902,2.550430103253683
"2021-10-24",8900491,227467,2.5556679962936877
"2021-10-25",8900491,227467,2.5556679962936877
"2021-10-26",8900491,227467,2.5556679962936877
"2021-10-27",8900491,227467,2.5556679962936877
"2021-10-28",8900491,227467,2.5556679962936877
"2021-10-29",8900491,227467,2.5556679962936877
"2021-10-30",8900491,227467,2.5556679962936877
"2021-10-31",8942308,228863,2.559328083980109
"2021-11-01",8942308,228863,2.559328083980109
"2021-11-02",8942308,228863,2.559328083980109
"2021-11-03",8942308,228863,2.559328083980109
"2021-11-04",8942308,228863,2.559328083980109
"2021-11-05",8942308,228863,2.559328083980109
"2021-11-06",8942308,228863,2.559328083980109
"2021-11-07",8985518,230153,2.561377095900314
"2021-11-08",8985518,230153,2.561377095900314
"2021-11-09",8985518,230153,2.561377095900314
"2021-11-10",8985518,230153,2.561377095900314
"2021-11-11",8985518,230153,2.561377095900314
"2021-11-12",8985518,230153,2.561377095900314
"2021-11-13",8985518,230153,2.561377095900314
"2021-11-14",9027736,231371,2.562890629500021
"2021-11-15",9027736,231371,2.562890629500021
"2021-11-16",9027736,231371,2.562890629500021
"2021-11-17",9027736,231371,2.562890629500021
"2021-11-18",9027736,231371,2.562890629500021
"2021-11-19",9027736,231371,2.562890629500021
"2021-11-20",9027736,231371,2.562890629500021
"2021-11-21",9066273,232524,2.5647142988083416
"2021-11-22",9066273,232524,2.5647142988083416
"2021-11-23",9066273,232524,2.5647142988083416
"2021-11-24",9066273,232524,2.5647142988083416
"2021-11-25",9066273,232524,2.5647142988083416
"2021-11-26",9066273,232524,2.5647142988083416
"2021-11-27",9066273,232524,2.5647142988083416
"2021-11-28",9129438,233721,2.5600809162623155
"2021-11-29",9129438,233721,2.5600809162623155
"2021-11-30",9129438,233721,2.5600809162623155
"2021-12-01",9129438,233721,2.5600809162623155
"2021-12-02",9129438,233721,2.5600809162623155
"2021-12-03",9129438,233721,2.5600809162623155
"2021-12-04",9129438,233721,2.5600809162623155
"2021-12-05",9230215,234825,2.5440902514188455
"2021-12-06",9230215,234825,2.5440902514188455
"2021-12-07",9230215,234825,2.5440902514188455
"2021-12-08",9230215,234825,2.5440902514188455
"2021-12-09",9230215,234825,2.5440902514188455
"2021-12-10",9230215,234825,2.5440902514188455
"2021-12-11",9230215,234825,2.5440902514188455
"2021-12-12",9413919,235814,2.5049503825133828
"2021-12-13",9413919,235814,2.5049503825133828
"2021-12-14",9413919,235814,2.5049503825133828
"2021-12-15",9413919,235814,2.5049503825133828
"2021-12-16",9413919,235814,2.5049503825133828
"2021-12-17",9413919,235814,2.5049503825133828
"2021-12-18",9413919,235814,2.5049503825133828
"2021-12-19",9696370,236852,2.4426873149436337
"2021-12-20",9696370,236852,2.4426873149436337
"2021-12-21",9696370,236852,2.4426873149436337
"2021-12-22",9696370,236852,2.4426873149436337
"2021-12-23",9696370,236852,2.4426873149436337
"2021-12-24",9696370,236852,2.4426873149436337
"2021-12-25",9696370,236852,2.4426873149436337
"2021-12-26",9999538,238294,2.3830500969144777
"2021-12-27",9999538,238294,2.3830500969144777
"2021-12-28",9999538,238294,2.3830500969144777
"2021-12-29",9999538,238294,2.3830500969144777
"2021-12-30",9999538,238294,2.3830500969144777
"2021-12-31",9999538,238294,2.3830500969144777
"2022-01-01",9999538,238294,2.3830500969144777
"2022-01-02",10317552,239902,2.3251833380631375
"2022-01-03",10317552,239902,2.3251833380631375
"2022-01-04",10317552,239902,2.3251833380631375
"2022-01-05",10317552,239902,2.3251833380631375
"2022-01-06",10317552,239902,2.3251833380631375
"2022-01-07",10317552,239902,2.3251833380631375
"2022-01-08",10317552,239902,2.3251833380631375
"2022-01-09",10640261,242463,2.2787316965251136
"2022-01-10",10640261,242463,2.2787316965251136
"2022-01-11",10640261,242463,2.2787316965251136
"2022-01-12",10640261,242463,2.2787316965251136
"2022-01-13",10640261,242463,2.2787316965251136
"2022-01-14",10640261,242463,2.2787316965251136
"2022-01-15",10640261,242463,2.2787316965251136
"2022-01-16",10940430,244984,2.239253850168595
"2022-01-17",10940430,244984,2.239253850168595
"2022-01-18",10940430,244984,2.239253850168595
"2022-01-19",10940430,244984,2.239253850168595
"2022-01-20",10940430,244984,2.239253850168595
"2022-01-21",10940430,244984,2.239253850168595
"2022-01-22",10940430,244984,2.239253850168595
"2022-01-23",11223249,247464,2.2049230129350246
"2022-01-24",11223249,247464,2.2049230129350246
"2022-01-25",11223249,247464,2.2049230129350246
"2022-01-26",11223249,247464,2.2049230129350246
"2022-01-27",11223249,247464,2.2049230129350246
"2022-01-28",11223249,247464,2.2049230129350246
"2022-01-29",11223249,247464,2.2049230129350246
"2022-01-30",11485567,249933,2.1760614865596097
"2022-01-31",11485567,249933,2.1760614865596097
"2022-02-01",11485567,249933,2.1760614865596097
"2022-02-02",11485567,249933,2.1760614865596097
"2022-02-03",11485567,249933,2.1760614865596097
"2022-02-04",11485567,249933,2.1760614865596097
"2022-02-05",11485567,249933,2.1760614865596097
"2022-02-06",11704013,252597,2.1582084708894294
"2022-02-07",11704013,252597,2.1582084708894294
"2022-02-08",11704013,252597,2.1582084708894294
"2022-02-09",11704013,252597,2.1582084708894294
"2022-02-10",11704013,252597,2.1582084708894294
"2022-02-11",11704013,252597,2.1582084708894294
"2022-02-12",11704013,252597,2.1582084708894294
"2022-02-13",11865664,255584,2.1539797519970225
"2022-02-14",11865664,255584,2.1539797519970225
"2022-02-15",11865664,255584,2.1539797519970225
"2022-02-16",11865664,255584,2.1539797519970225
"2022-02-17",11865664,255584,2.1539797519970225
"2022-02-18",11865664,255584,2.1539797519970225
"2022-02-19",11865664,255584,2.1539797519970225
"2022-02-20",11999846,258632,2.155294326277187
"2022-02-21",11999846,258632,2.155294326277187
"2022-02-22",11999846,258632,2.155294326277187
"2022-02-23",11999846,258632,2.155294326277187
"2022-02-24",11999846,258632,2.155294326277187
"2022-02-25",11999846,258632,2.155294326277187
"2022-02-26",11999846,258632,2.155294326277187
"2022-02-27",12135509,260312,2.145043936764416
"2022-02-28",12135509,260312,2.145043936764416
"2022-03-01",12135509,260312,2.145043936764416
"2022-03-02",12135509,260312,2.145043936764416
"2022-03-03",12135509,260312,2.145043936764416
"2022-03-04",12135509,260312,2.145043936764416
"2022-03-05",12135509,260312,2.145043936764416
"2022-03-06",12204613,262279,2.1490152944628393
"2022-03-07",12204613,262279,2.1490152944628393
"2022-03-08",12204613,262279,2.1490152944628393
"2022-03-09",12204613,262279,2.1490152944628393
"2022-03-10",12204613,262279,2.1490152944628393
"2022-03-11",12204613,262279,2.1490152944628393
"2022-03-12",12204613,262279,2.1490152944628393
"2022-03-13",12277028,262896,2.1413651577564212
"2022-03-14",12277028,262896,2.1413651577564212
"2022-03-15",12277028,262896,2.1413651577564212
"2022-03-16",12277028,262896,2.1413651577564212
"2022-03-17",12277028,262896,2.1413651577564212
"2022-03-18",12277028,262896,2.1413651577564212
"2022-03-19",12277028,262896,2.1413651577564212
"2022-03-20",12320648,263323,2.137249599209392
"2022-03-21",12320648,263323,2.137249599209392
"2022-03-22",12320648,263323,2.137249599209392
"2022-03-23",12320648,263323,2.137249599209392
"2022-03-24",12320648,263323,2.137249599209392
"2022-03-25",12320648,263323,2.137249599209392
"2022-03-26",12320648,263323,2.137249599209392
"2022-03-27",12360585,263699,2.133386081645812
"2022-03-28",12360585,263699,2.133386081645812
"2022-03-29",12360585,263699,2.133386081645812
"2022-03-30",12360585,263699,2.133386081645812
"2022-03-31",12360585,263699,2.133386081645812
"2022-04-01",12360585,263699,2.133386081645812
"2022-04-02",12360585,263699,2.133386081645812
"2022-04-03",12396695,264082,2.1302613317501153
"2022-04-04",12396695,264082,2.1302613317501153
"2022-04-05",12396695,264082,2.1302613317501153
"2022-04-06",12396695,264082,2.1302613317501153
"2022-04-07",12396695,264082,2.1302613317501153
"2022-04-08",12396695,264082,2.1302613317501153
"2022-04-09",12396695,264082,2.1302613317501153
"2022-04-10",12429357,264373,2.1270046390975814
"2022-04-11",12429357,264373,2.1270046390975814
"2022-04-12",12429357,264373,2.1270046390975814
"2022-04-13",12429357,264373,2.1270046390975814
"2022-04-14",12429357,264373,2.1270046390975814
"2022-04-15",12429357,264373,2.1270046390975814
"2022-04-16",12429357,264373,2.1270046390975814
"2022-04-17",12460200,264593,2.1235052406863453
"2022-04-18",12460200,264593,2.1235052406863453
"2022-04-19",12460200,264593,2.1235052406863453
"2022-04-20",12460200,264593,2.1235052406863453
"2022-04-21",12460200,264593,2.1235052406863453
"2022-04-22",12460200,264593,2.1235052406863453
"2022-04-23",12460200,264593,2.1235052406863453
"2022-04-24",12500531,264861,2.1187979934612375
"2022-04-25",12500531,264861,2.1187979934612375
"2022-04-26",12500531,264861,2.1187979934612375
"2022-04-27",12500531,264861,2.1187979934612375
"2022-04-28",12500531,264861,2.1187979934612375
"2022-04-29",12500531,264861,2.1187979934612375
"2022-04-30",12500531,264861,2.1187979934612375
"2022-05-01",12553538,265014,2.111070201882529
"2022-05-02",12553538,265014,2.111070201882529
"2022-05-03",12553538,265014,2.111070201882529
"2022-05-04",12553538,265014,2.111070201882529
"2022-05-05",12553538,265014,2.111070201882529
"2022-05-06",12553538,265014,2.111070201882529
"2022-05-07",12553538,265014,2.111070201882529
"2022-05-08",12615497,265279,2.1028026085694442
"2022-05-09",12615497,265279,2.1028026085694442
"2022-05-10",12615497,265279,2.1028026085694442
"2022-05-11",12615497,265279,2.1028026085694442
"2022-05-12",12615497,265279,2.1028026085694442
"2022-05-13",12615497,265279,2.1028026085694442
"2022-05-14",12615497,265279,2.1028026085694442
"2022-05-15",12683857,265636,2.094284096706546
"2022-05-16",12683857,265636,2.094284096706546
"2022-05-17",12683857,265636,2.094284096706546
"2022-05-18",12683857,265636,2.094284096706546
"2022-05-19",12683857,265636,2.094284096706546
"2022-05-20",12683857,265636,2.094284096706546
"2022-05-21",12683857,265636,2.094284096706546
"2022-05-22",12739244,265876,2.0870626231823493
"2022-05-23",12739244,265876,2.0870626231823493
"2022-05-24",12739244,265876,2.0870626231823493
"2022-05-25",12739244,265876,2.0870626231823493
"2022-05-26",12739244,265876,2.0870626231823493
"2022-05-27",12739244,265876,2.0870626231823493
"2022-05-28",12739244,265876,2.0870626231823493
"2022-05-29",12779189,266141,2.0826125977164907
"2022-05-30",12779189,266141,2.0826125977164907
"2022-05-31",12779189,266141,2.0826125977164907
"2022-06-01",12779189,266141,2.0826125977164907
"2022-06-02",12779189,266141,2.0826125977164907
"2022-06-03",12779189,266141,2.0826125977164907
"2022-06-04",12779189,266141,2.0826125977164907
"2022-06-05",12815127,266395,2.0787542721972243
"2022-06-06",12815127,266395,2.0787542721972243
"2022-06-07",12815127,266395,2.0787542721972243
"2022-06-08",12815127,266395,2.0787542721972243
"2022-06-09",12815127,266395,2.0787542721972243
"2022-06-10",12815127,266395,2.0787542721972243
"2022-06-11",12815127,266395,2.0787542721972243
"2022-06-12",12850910,266625,2.0747557955039757
"2022-06-13",12850910,266625,2.0747557955039757
"2022-06-14",12850910,266625,2.0747557955039757
"2022-06-15",12850910,266625,2.0747557955039757
"2022-06-16",12850910,266625,2.0747557955039757
"2022-06-17",12850910,266625,2.0747557955039757
"2022-06-18",12850910,266625,2.0747557955039757
"2022-06-19",12900167,266877,2.0687871715149115
"2022-06-20",12900167,266877,2.0687871715149115
"2022-06-21",12900167,266877,2.0687871715149115
"2022-06-22",12900167,266877,2.0687871715149115
"2022-06-23",12900167,266877,2.0687871715149115
"2022-06-24",12900167,266877,2.0687871715149115
"2022-06-25",12900167,266877,2.0687871715149115
"2022-06-26",12948211,267131,2.0630726515037483
"2022-06-27",12948211,267131,2.0630726515037483
"2022-06-28",12948211,267131,2.0630726515037483
"2022-06-29",12948211,267131,2.0630726515037483
"2022-06-30",12948211,267131,2.0630726515037483
"2022-07-01",12948211,267131,2.0630726515037483
"2022-07-02",12948211,267131,2.0630726515037483
"2022-07-03",12999638,267318,2.0563495691187708
"2022-07-04",12999638,267318,2.0563495691187708
"2022-07-05",12999638,267318,2.0563495691187708
"2022-07-06",12999638,267318,2.0563495691187708
"2022-07-07",12999638,267318,2.0563495691187708
"2022-07-08",12999638,267318,2.0563495691187708
"2022-07-09",12999638,267318,2.0563495691187708
"2022-07-10",13058404,267579,2.049094207837344
"2022-07-11",13058404,267579,2.049094207837344
"2022-07-12",13058404,267579,2.049094207837344
"2022-07-13",13058404,267579,2.049094207837344
"2022-07-14",13058404,267579,2.049094207837344
"2022-07-15",13058404,267579,2.049094207837344
"2022-07-16",13058404,267579,2.049094207837344
"2022-07-17",13116313,267821,2.0418924129059746
"2022-07-18",13116313,267821,2.0418924129059746
"2022-07-19",13116313,267821,2.0418924129059746
"2022-07-20",13116313,267821,2.0418924129059746
"2022-07-21",13116313,267821,2.0418924129059746
"2022-07-22",13116313,267821,2.0418924129059746
"2022-07-23",13116313,267821,2.0418924129059746
"2022-07-24",13182684,268085,2.0336147024384412
"2022-07-25",13182684,268085,2.0336147024384412
"2022-07-26",13182684,268085,2.0336147024384412
"2022-07-27",13182684,268085,2.0336147024384412
"2022-07-28",13182684,268085,2.0336147024384412
"2022-07-29",13182684,268085,2.0336147024384412
"2022-07-30",13182684,268085,2.0336147024384412
"2022-07-31",13234018,268339,2.027645723316985
"2022-08-01",13234018,268339,2.027645723316985
"2022-08-02",13234018,268339,2.027645723316985
"2022-08-03",13234018,268339,2.027645723316985
"2022-08-04",13234018,268339,2.027645723316985
"2022-08-05",13234018,268339,2.027645723316985
"2022-08-06",13234018,268339,2.027645723316985
"2022-08-07",13269591,268497,2.0234007212430285
"2022-08-08",13269591,268497,2.0234007212430285
"2022-08-09",13269591,268497,2.0234007212430285
"2022-08-10",13269591,268497,2.0234007212430285
"2022-08-11",13269591,268497,2.0234007212430285
"2022-08-12",13269591,268497,2.0234007212430285
"2022-08-13",13269591,268497,2.0234007212430285
"2022-08-14",13298268,268623,2.019984858178524
"2022-08-15",13298268,268623,2.019984858178524
"2022-08-16",13298268,268623,2.019984858178524
"2022-08-17",13298268,268623,2.019984858178524
"2022-08-18",13298268,268623,2.019984858178524
"2022-08-19",13298268,268623,2.019984858178524
"2022-08-20",13298268,268623,2.019984858178524
"2022-08-21",13320992,268800,2.0178677383786434
"2022-08-22",13320992,268800,2.0178677383786434
"2022-08-23",13320992,268800,2.0178677383786434
"2022-08-24",13320992,268800,2.0178677383786434
"2022-08-25",13320992,268800,2.0178677383786434
"2022-08-26",13320992,268800,2.0178677383786434
"2022-08-27",13320992,268800,2.0178677383786434
"2022-08-28",13342695,268908,2.0153949408271714
"2022-08-29",13342695,268908,2.0153949408271714
"2022-08-30",13342695,268908,2.0153949408271714
"2022-08-31",13342695,268908,2.0153949408271714
"2022-09-01",13342695,268908,2.0153949408271714
"2022-09-02",13342695,268908,2.0153949408271714
"2022-09-03",13342695,268908,2.0153949408271714
"2022-09-04",13361554,268984,2.0131191326996847
"2022-09-05",13361554,268984,2.0131191326996847
"2022-09-06",13361554,268984,2.0131191326996847
"2022-09-07",13361554,268984,2.0131191326996847
"2022-09-08",13361554,268984,2.0131191326996847
"2022-09-09",13361554,268984,2.0131191326996847
"2022-09-10",13361554,268984,2.0131191326996847
"2022-09-11",13376725,269065,2.011441515019558
"2022-09-12",13376725,269065,2.011441515019558
"2022-09-13",13376725,269065,2.011441515019558
"2022-09-14",13376725,269065,2.011441515019558
"2022-09-15",13376725,269065,2.011441515019558
"2022-09-16",13376725,269065,2.011441515019558
"2022-09-17",13376725,269065,2.011441515019558
"2022-09-18",13388492,269142,2.0102488017321143
"2022-09-19",13388492,269142,2.0102488017321143
"2022-09-20",13388492,269142,2.0102488017321143
"2022-09-21",13388492,269142,2.0102488017321143
"2022-09-22",13388492,269142,2.0102488017321143
"2022-09-23",13388492,269142,2.0102488017321143
"2022-09-24",13388492,269142,2.0102488017321143
"2022-09-25",13397729,269190,2.0092211150113575
"2022-09-26",13397729,269190,2.0092211150113575
"2022-09-27",13397729,269190,2.0092211150113575
"2022-09-28",13397729,269190,2.0092211150113575
"2022-09-29",13397729,269190,2.0092211150113575
"2022-09-30",13397729,269190,2.0092211150113575
"2022-10-01",13397729,269190,2.0092211150113575
"2022-10-02",13406147,269234,2.008287690713819
"2022-10-03",13406147,269234,2.008287690713819
"2022-10-04",13406147,269234,2.008287690713819
"2022-10-05",13406147,269234,2.008287690713819
"2022-10-06",13406147,269234,2.008287690713819
"2022-10-07",13406147,269234,2.008287690713819
"2022-10-08",13406147,269234,2.008287690713819
"2022-10-09",13413357,269273,2.0074989430311887
"2022-10-10",13413357,269273,2.0074989430311887
"2022-10-11",13413357,269273,2.0074989430311887
"2022-10-12",13413357,269273,2.0074989430311887
"2022-10-13",13413357,269273,2.0074989430311887
"2022-10-14",13413357,269273,2.0074989430311887
"2022-10-15",13413357,269273,2.0074989430311887
"2022-10-16",13424758,269345,2.006330393441729
"2022-10-17",13424758,269345,2.006330393441729
"2022-10-18",13424758,269345,2.006330393441729
"2022-10-19",13424758,269345,2.006330393441729
"2022-10-20",13424758,269345,2.006330393441729
"2022-10-21",13424758,269345,2.006330393441729
"2022-10-22",13424758,269345,2.006330393441729
"2022-10-23",13432844,269387,2.005435334468263
"2022-10-24",13432844,269387,2.005435334468263
"2022-10-25",13432844,269387,2.005435334468263
"2022-10-26",13432844,269387,2.005435334468263
"2022-10-27",13432844,269387,2.005435334468263
"2022-10-28",13432844,269387,2.005435334468263
"2022-10-29",13432844,269387,2.005435334468263
"2022-10-30",13440513,269457,2.004811869904073
"2022-10-31",13440513,269457,2.004811869904073
"2022-11-01",13440513,269457,2.004811869904073
"2022-11-02",13440513,269457,2.004811869904073
"2022-11-03",13440513,269457,2.004811869904073
"2022-11-04",13440513,269457,2.004811869904073
"2022-11-05",13440513,269457,2.004811869904073
"2022-11-06",13450497,269530,2.003866474227681
"2022-11-07",13450497,269530,2.003866474227681
"2022-11-08",13450497,269530,2.003866474227681
"2022-11-09",13450497,269530,2.003866474227681
"2022-11-10",13450497,269530,2.003866474227681
"2022-11-11",13450497,269530,2.003866474227681
"2022-11-12",13450497,269530,2.003866474227681
"2022-11-13",13462764,269563,2.0022857119087876
"2022-11-14",13462764,269563,2.0022857119087876
"2022-11-15",13462764,269563,2.0022857119087876
"2022-11-16",13462764,269563,2.0022857119087876
"2022-11-17",13462764,269563,2.0022857119087876
"2022-11-18",13462764,269563,2.0022857119087876
"2022-11-19",13462764,269563,2.0022857119087876
"2022-11-20",13476743,269619,2.0006243348263006
"2022-11-21",13476743,269619,2.0006243348263006
"2022-11-22",13476743,269619,2.0006243348263006
"2022-11-23",13476743,269619,2.0006243348263006
"2022-11-24",13476743,269619,2.0006243348263006
"2022-11-25",13476743,269619,2.0006243348263006
"2022-11-26",13476743,269619,2.0006243348263006
"2022-11-27",13491225,269678,1.9989141089856555
"2022-11-28",13491225,269678,1.9989141089856555
"2022-11-29",13491225,269678,1.9989141089856555
"2022-11-30",13491225,269678,1.9989141089856555
"2022-12-01",13491225,269678,1.9989141089856555
"2022-12-02",13491225,269678,1.9989141089856555
"2022-12-03",13491225,269678,1.9989141089856555
"2022-12-04",13503909,269730,1.9974216354686631
"2022-12-05",13503909,269730,1.9974216354686631
"2022-12-06",13503909,269730,1.9974216354686631
"2022-12-07",13503909,269730,1.9974216354686631
"2022-12-08",13503909,269730,1.9974216354686631
"2022-12-09",13503909,269730,1.9974216354686631
"2022-12-10",13503909,269730,1.9974216354686631
"2022-12-11",13513068,269847,1.9969336349080757
"2022-12-12",13513068,269847,1.9969336349080757
"2022-12-13",13513068,269847,1.9969336349080757
"2022-12-14",13513068,269847,1.9969336349080757
"2022-12-15",13513068,269847,1.9969336349080757
"2022-12-16",13513068,269847,1.9969336349080757
"2022-12-17",13513068,269847,1.9969336349080757
"2022-12-18",13523592,269892,1.995712381739999
"2022-12-19",13523592,269892,1.995712381739999
"2022-12-20",13523592,269892,1.995712381739999
"2022-12-21",13523592,269892,1.995712381739999
"2022-12-22",13523592,269892,1.995712381739999
"2022-12-23",13523592,269892,1.995712381739999
"2022-12-24",13523592,269892,1.995712381739999
"2022-12-25",13534417,269928,1.994382173979123
"2022-12-26",13534417,269928,1.994382173979123
"2022-12-27",13534417,269928,1.994382173979123
"2022-12-28",13534417,269928,1.994382173979123
"2022-12-29",13534417,269928,1.994382173979123
"2022-12-30",13534417,269928,1.994382173979123
"2022-12-31",13534417,269928,1.994382173979123
"2023-01-01",13541756,269956,1.9935080797497753
"2023-01-02",13541756,269956,1.9935080797497753
"2023-01-03",13541756,269956,1.9935080797497753
"2023-01-04",13541756,269956,1.9935080797497753
"2023-01-05",13541756,269956,1.9935080797497753
"2023-01-06",13541756,269956,1.9935080797497753
"2023-01-07",13541756,269956,1.9935080797497753
"2023-01-08",13549443,269976,1.9925247111634035
"2023-01-09",13549443,269976,1.9925247111634035
"2023-01-10",13549443,269976,1.9925247111634035
"2023-01-11",13549443,269976,1.9925247111634035
"2023-01-12",13549443,269976,1.9925247111634035
"2023-01-13",13549443,269976,1.9925247111634035
"2023-01-14",13549443,269976,1.9925247111634035
"2023-01-15",13559622,270008,1.9912649482411826
"2023-01-16",13559622,270008,1.9912649482411826
"2023-01-17",13559622,270008,1.9912649482411826
"2023-01-18",13559622,270008,1.9912649482411826
"2023-01-19",13559622,270008,1.9912649482411826
"2023-01-20",13559622,270008,1.9912649482411826
"2023-01-21",13559622,270008,1.9912649482411826
"2023-01-22",13568514,270074,1.9904464114493303
"2023-01-23",13568514,270074,1.9904464114493303
"2023-01-24",13568514,270074,1.9904464114493303
"2023-01-25",13568514,270074,1.9904464114493303
"2023-01-26",13568514,270074,1.9904464114493303
"2023-01-27",13568514,270074,1.9904464114493303
"2023-01-28",13568514,270074,1.9904464114493303
"2023-01-29",13577098,270112,1.9894678524085192
"2023-01-30",13577098,270112,1.9894678524085192
"2023-01-31",13577098,270112,1.9894678524085192
"2023-02-01",13577098,270112,1.9894678524085192
"2023-02-02",13577098,270112,1.9894678524085192
"2023-02-03",13577098,270112,1.9894678524085192
"2023-02-04",13577098,270112,1.9894678524085192
"2023-02-05",13583481,270151,1.9888200969987002
"2023-02-06",13583481,270151,1.9888200969987002
"2023-02-07",13583481,270151,1.9888200969987002
"2023-02-08",13583481,270151,1.9888200969987002
"2023-02-09",13583481,270151,1.9888200969987002
"2023-02-10",13583481,270151,1.9888200969987002
"2023-02-11",13583481,270151,1.9888200969987002
"2023-02-12",13588234,270174,1.988293695854811
"2023-02-13",13588234,270174,1.988293695854811
"2023-02-14",13588234,270174,1.988293695854811
"2023-02-15",13588234,270174,1.988293695854811
"2023-02-16",13588234,270174,1.988293695854811
"2023-02-17",13588234,270174,1.988293695854811
"2023-02-18",13588234,270174,1.988293695854811
"2023-02-19",13592457,270196,1.9878378132812926
"2023-02-20",13592457,270196,1.9878378132812926
"2023-02-21",13592457,270196,1.9878378132812926
"2023-02-22",13592457,270196,1.9878378132812926
"2023-02-23",13592457,270196,1.9878378132812926
"2023-02-24",13592457,270196,1.9878378132812926
"2023-02-25",13592457,270196,1.9878378132812926
"2023-02-26",13595669,270216,1.9875152888761856
"2023-02-27",13595669,270216,1.9875152888761856
"2023-02-28",13595669,270216,1.9875152888761856
"2023-03-01",13595669,270216,1.9875152888761856
"2023-03-02",13595669,270216,1.9875152888761856
"2023-03-03",13595669,270216,1.9875152888761856
"2023-03-04",13595669,270216,1.9875152888761856
"2023-03-05",13602469,270236,1.9866687437405666
"2023-03-06",13602469,270236,1.9866687437405666
"2023-03-07",13602469,270236,1.9866687437405666
"2023-03-08",13602469,270236,1.9866687437405666
"2023-03-09",13602469,270236,1.9866687437405666
"2023-03-10",13602469,270236,1.9866687437405666
"2023-03-11",13602469,270236,1.9866687437405666
"2023-03-12",13606946,270259,1.986184115083576
"2023-03-13",13606946,270259,1.986184115083576
"2023-03-14",13606946,270259,1.986184115083576
"2023-03-15",13606946,270259,1.986184115083576
"2023-03-16",13606946,270259,1.986184115083576
"2023-03-17",13606946,270259,1.986184115083576
"2023-03-18",13606946,270259,1.986184115083576
"2023-03-19",13610878,270279,1.9857572744388718
"2023-03-20",13610878,270279,1.9857572744388718
"2023-03-21",13610878,270279,1.9857572744388718
"2023-03-22",13610878,270279,1.9857572744388718
"2023-03-23",13277162,266678,2.0085467059903315
"2023-03-24",13277162,266678,2.0085467059903315
"2023-03-25",13277162,266678,2.0085467059903315
"2023-03-26",13281602,266703,2.0080634851127144
"2023-03-27",13281602,266703,2.0080634851127144
"2023-03-28",13281602,266703,2.0080634851127144
"2023-03-29",13281602,266703,2.0080634851127144
"2023-03-30",13281602,266703,2.0080634851127144
"2023-03-31",13281602,266703,2.0080634851127144
"2023-04-01",13281602,266703,2.0080634851127144
"2023-04-02",13283933,266718,2.0078240382573447
"2023-04-03",13283933,266718,2.0078240382573447
"2023-04-04",13283933,266718,2.0078240382573447
"2023-04-05",13283933,266718,2.0078240382573447
"2023-04-06",13283933,266718,2.0078240382573447
"2023-04-07",13283933,266718,2.0078240382573447
"2023-04-08",13283933,266718,2.0078240382573447
"2023-04-09",13286471,266728,2.0075157654730136
"2023-04-10",13286471,266728,2.0075157654730136
"2023-04-11",13286471,266728,2.0075157654730136
"2023-04-12",13286471,266728,2.0075157654730136
"2023-04-13",13286471,266728,2.0075157654730136
"2023-04-14",13286471,266728,2.0075157654730136
"2023-04-15",13286471,266728,2.0075157654730136
"2023-04-16",13289746,266752,2.007201642529511
"2023-04-17",13289746,266752,2.007201642529511
"2023-04-18",13289746,266752,2.007201642529511
"2023-04-19",13289746,266752,2.007201642529511
"2023-04-20",13289746,266752,2.007201642529511
"2023-04-21",13289746,266752,2.007201642529511
"2023-04-22",13289746,266752,2.007201642529511
"2023-04-23",13293378,266769,2.0067811206451815
"2023-04-24",13293378,266769,2.0067811206451815
"2023-04-25",13293378,266769,2.0067811206451815
"2023-04-26",13293378,266769,2.0067811206451815
"2023-04-27",13293378,266769,2.0067811206451815
"2023-04-28",13293378,266769,2.0067811206451815
"2023-04-29",13293378,266769,2.0067811206451815
"2023-04-30",13296901,266791,2.006414878173493
"2023-05-01",13296901,266791,2.006414878173493
"2023-05-02",13296901,266791,2.006414878173493
"2023-05-03",13296901,266791,2.006414878173493
"2023-05-04",13296901,266791,2.006414878173493
"2023-05-05",13296901,266791,2.006414878173493
"2023-05-06",13296901,266791,2.006414878173493
"2023-05-07",13301937,266815,2.0058356914485462
"2023-05-08",13301937,266815,2.0058356914485462
"2023-05-09",13301937,266815,2.0058356914485462
"2023-05-10",13301937,266815,2.0058356914485462
"2023-05-11",13301937,266815,2.0058356914485462
"2023-05-12",13301937,266815,2.0058356914485462
"2023-05-13",13301937,266815,2.0058356914485462
"2023-05-14",13306790,266842,2.0053070650397276
"2023-05-15",13306790,266842,2.0053070650397276
"2023-05-16",13306790,266842,2.0053070650397276
"2023-05-17",13306790,266842,2.0053070650397276
"2023-05-18",13306790,266842,2.0053070650397276
"2023-05-19",13306790,266842,2.0053070650397276
"2023-05-20",13306790,266842,2.0053070650397276
"2023-05-21",13310610,266854,2.0048217174118994
"2023-05-22",13310610,266854,2.0048217174118994
"2023-05-23",13310610,266854,2.0048217174118994
"2023-05-24",13310610,266854,2.0048217174118994
"2023-05-25",13310610,266854,2.0048217174118994
"2023-05-26",13310610,266854,2.0048217174118994
"2023-05-27",13310610,266854,2.0048217174118994
"2023-05-28",13313272,266864,2.0044959646283798
"2023-05-29",13313272,266864,2.0044959646283798
"2023-05-30",13313272,266864,2.0044959646283798
"2023-05-31",13313272,266864,2.0044959646283798
"2023-06-01",13313272,266864,2.0044959646283798
"2023-06-02",13313272,266864,2.0044959646283798
"2023-06-03",13313272,266864,2.0044959646283798
"2023-06-04",13317408,266877,2.0039710430137756
"2023-06-05",13317408,266877,2.0039710430137756
"2023-06-06",13317408,266877,2.0039710430137756
"2023-06-07",13317408,266877,2.0039710430137756
"2023-06-08",13317408,266877,2.0039710430137756
"2023-06-09",13317408,266877,2.0039710430137756
"2023-06-10",13317408,266877,2.0039710430137756
"2023-06-11",13319055,266884,2.00377579340276
"2023-06-12",13319055,266884,2.00377579340276
"2023-06-13",13319055,266884,2.00377579340276
"2023-06-14",13319055,266884,2.00377579340276
"2023-06-15",13319055,266884,2.00377579340276
"2023-06-16",13319055,266884,2.00377579340276
"2023-06-17",13319055,266884,2.00377579340276
"2023-06-18",13321765,266899,2.003480770003074
"2023-06-19",13321765,266899,2.003480770003074
"2023-06-20",13321765,266899,2.003480770003074
"2023-06-21",13321765,266899,2.003480770003074
"2023-06-22",13321765,266899,2.003480770003074
"2023-06-23",13321765,266899,2.003480770003074
"2023-06-24",13321765,266899,2.003480770003074
"2023-06-25",13324218,266914,2.0032245044324553
"2023-06-26",13324218,266914,2.0032245044324553
"2023-06-27",13324218,266914,2.0032245044324553
"2023-06-28",13324218,266914,2.0032245044324553
"2023-06-29",13324218,266914,2.0032245044324553
"2023-06-30",13324218,266914,2.0032245044324553
"2023-07-01",13324218,266914,2.0032245044324553
"2023-07-02",13325922,266917,2.0029908624709045
"2023-07-03",13325922,266917,2.0029908624709045
"2023-07-04",13325922,266917,2.0029908624709045
"2023-07-05",13325922,266917,2.0029908624709045
"2023-07-06",13325922,266917,2.0029908624709045
"2023-07-07",13325922,266917,2.0029908624709045
"2023-07-08",13325922,266917,2.0029908624709045
"2023-07-09",13327845,266924,2.0027543837732207
"2023-07-10",13327845,266924,2.0027543837732207
"2023-07-11",13327845,266924,2.0027543837732207
"2023-07-12",13327845,266924,2.0027543837732207
"2023-07-13",13327845,266924,2.0027543837732207
"2023-07-14",13327845,266924,2.0027543837732207
"2023-07-15",13327845,266924,2.0027543837732207
"2023-07-16",13328773,266932,2.002674964904872
"2023-07-17",13328773,266932,2.002674964904872
"2023-07-18",13328773,266932,2.002674964904872
"2023-07-19",13328773,266932,2.002674964904872
"2023-07-20",13328773,266932,2.002674964904872
"2023-07-21",13328773,266932,2.002674964904872
"2023-07-22",13328773,266932,2.002674964904872
"2023-07-23",13329619,266936,2.002577868129614
"2023-07-24",13329619,266936,2.002577868129614
"2023-07-25",13329619,266936,2.002577868129614
"2023-07-26",13329619,266936,2.002577868129614
"2023-07-27",13329619,266936,2.002577868129614
"2023-07-28",13329619,266936,2.002577868129614
"2023-07-29",13329619,266936,2.002577868129614
"2023-07-30",13330047,266939,2.002536075079105
"2023-07-31",13330047,266939,2.002536075079105
"2023-08-01",13330047,266939,2.002536075079105
"2023-08-02",13330047,266939,2.002536075079105
"2023-08-03",13330047,266939,2.002536075079105
"2023-08-04",13330047,266939,2.002536075079105
"2023-08-05",13330047,266939,2.002536075079105
"2023-08-06",13330561,266943,2.0024888674977745
"2023-08-07",13330561,266943,2.0024888674977745
"2023-08-08",13330561,266943,2.0024888674977745
"2023-08-09",13330561,266943,2.0024888674977745
"2023-08-10",13330561,266943,2.0024888674977745
"2023-08-11",13330561,266943,2.0024888674977745
"2023-08-12",13330561,266943,2.0024888674977745
"2023-08-13",13332703,266952,2.0022346556433455
"2023-08-14",13332703,266952,2.0022346556433455
"2023-08-15",13332703,266952,2.0022346556433455
"2023-08-16",13332703,266952,2.0022346556433455
"2023-08-17",13332703,266952,2.0022346556433455
"2023-08-18",13332703,266952,2.0022346556433455
"2023-08-19",13332703,266952,2.0022346556433455
"2023-08-20",13333398,266957,2.002167789486221
"2023-08-21",13333398,266957,2.002167789486221
"2023-08-22",13333398,266957,2.002167789486221
"2023-08-23",13333398,266957,2.002167789486221
"2023-08-24",13333398,266957,2.002167789486221
"2023-08-25",13333398,266957,2.002167789486221
"2023-08-26",13333398,266957,2.002167789486221
"2023-08-27",13334015,266959,2.002090143141432
"2023-08-28",13334015,266959,2.002090143141432
"2023-08-29",13334015,266959,2.002090143141432
"2023-08-30",13334015,266959,2.002090143141432
"2023-08-31",13334015,266959,2.002090143141432
"2023-09-01",13334015,266959,2.002090143141432
"2023-09-02",13334015,266959,2.002090143141432
"2023-09-03",13334888,266961,2.0019740698234587
"2023-09-04",13334888,266961,2.0019740698234587
"2023-09-05",13334888,266961,2.0019740698234587
"2023-09-06",13334888,266961,2.0019740698234587
"2023-09-07",13334888,266961,2.0019740698234587
"2023-09-08",13334888,266961,2.0019740698234587
"2023-09-09",13334888,266961,2.0019740698234587
"2023-09-10",13336030,266964,2.001825130867282
"2023-09-11",13336030,266964,2.001825130867282
"2023-09-12",13336030,266964,2.001825130867282
"2023-09-13",13336030,266964,2.001825130867282
"2023-09-14",13336030,266964,2.001825130867282
"2023-09-15",13336030,266964,2.001825130867282
"2023-09-16",13336030,266964,2.001825130867282
"2023-09-17",13336842,266966,2.00171824784308
"2023-09-18",13336842,266966,2.00171824784308
"2023-09-19",13336842,266966,2.00171824784308
"2023-09-20",13336842,266966,2.00171824784308
"2023-09-21",13336842,266966,2.00171824784308
"2023-09-22",13336842,266966,2.00171824784308
"2023-09-23",13336842,266966,2.00171824784308
"2023-09-24",13338785,266970,2.001456654410428
"2023-09-25",13338785,266970,2.001456654410428
"2023-09-26",13338785,266970,2.001456654410428
"2023-09-27",13338785,266970,2.001456654410428
"2023-09-28",13338785,266970,2.001456654410428
"2023-09-29",13338785,266970,2.001456654410428
"2023-09-30",13338785,266970,2.001456654410428
"2023-10-01",13339665,266975,2.0013621031712567
"2023-10-02",13339665,266975,2.0013621031712567
"2023-10-03",13339665,266975,2.0013621031712567
"2023-10-04",13339665,266975,2.0013621031712567
"2023-10-05",13339665,266975,2.0013621031712567
"2023-10-06",13339665,266975,2.0013621031712567
"2023-10-07",13339665,266975,2.0013621031712567
"2023-10-08",13340529,266985,2.0013074444049406
"2023-10-09",13340529,266985,2.0013074444049406
"2023-10-10",13340529,266985,2.0013074444049406
"2023-10-11",13340529,266985,2.0013074444049406
"2023-10-12",13340529,266985,2.0013074444049406
"2023-10-13",13340529,266985,2.0013074444049406
"2023-10-14",13340529,266985,2.0013074444049406
"2023-10-15",13341545,266987,2.0011700294081383
"2023-10-16",13341545,266987,2.0011700294081383
"2023-10-17",13341545,266987,2.0011700294081383
"2023-10-18",13341545,266987,2.0011700294081383
"2023-10-19",13341545,266987,2.0011700294081383
"2023-10-20",13341545,266987,2.0011700294081383
"2023-10-21",13341545,266987,2.0011700294081383
"2023-10-22",13342393,266988,2.001050336322727
"2023-10-23",13342393,266988,2.001050336322727
"2023-10-24",13342393,266988,2.001050336322727
"2023-10-25",13342393,266988,2.001050336322727
"2023-10-26",13342393,266988,2.001050336322727
"2023-10-27",13342393,266988,2.001050336322727
"2023-10-28",13342393,266988,2.001050336322727
"2023-10-29",13343351,266990,2.000921657535652
"2023-10-30",13343351,266990,2.000921657535652
"2023-10-31",13343351,266990,2.000921657535652
"2023-11-01",13343351,266990,2.000921657535652
"2023-11-02",13343351,266990,2.000921657535652
"2023-11-03",13343351,266990,2.000921657535652
"2023-11-04",13343351,266990,2.000921657535652
"2023-11-05",13344227,266995,2.0008277736882025
"2023-11-06",13344227,266995,2.0008277736882025
"2023-11-07",13344227,266995,2.0008277736882025
"2023-11-08",13344227,266995,2.0008277736882025
"2023-11-09",13344227,266995,2.0008277736882025
"2023-11-10",13344227,266995,2.0008277736882025
"2023-11-11",13344227,266995,2.0008277736882025
"2023-11-12",13345392,267004,2.000720548336085
"2023-11-13",13345392,267004,2.000720548336085
"2023-11-14",13345392,267004,2.000720548336085
"2023-11-15",13345392,267004,2.000720548336085
"2023-11-16",13345392,267004,2.000720548336085
"2023-11-17",13345392,267004,2.000720548336085
"2023-11-18",13345392,267004,2.000720548336085
"2023-11-19",13347071,267011,2.0005213128783086
"2023-11-20",13347071,267011,2.0005213128783086
"2023-11-21",13347071,267011,2.0005213128783086
"2023-11-22",13347071,267011,2.0005213128783086
"2023-11-23",13347071,267011,2.0005213128783086
"2023-11-24",13347071,267011,2.0005213128783086
"2023-11-25",13347071,267011,2.0005213128783086
"2023-11-26",13349509,267018,2.0002083971777536
"2023-11-27",13349509,267018,2.0002083971777536
"2023-11-28",13349509,267018,2.0002083971777536
"2023-11-29",13349509,267018,2.0002083971777536
"2023-11-30",13349509,267018,2.0002083971777536
"2023-12-01",13349509,267018,2.0002083971777536
"2023-12-02",13349509,267018,2.0002083971777536
"2023-12-03",13352515,267023,1.9997955441353183
"2023-12-04",13352515,267023,1.9997955441353183
"2023-12-05",13352515,267023,1.9997955441353183
"2023-12-06",13352515,267023,1.9997955441353183
"2023-12-07",13352515,267023,1.9997955441353183
"2023-12-08",13352515,267023,1.9997955441353183
"2023-12-09",13352515,267023,1.9997955441353183
"2023-12-10",13356024,267025,1.9992851165885894
"2023-12-11",13356024,267025,1.9992851165885894
"2023-12-12",13356024,267025,1.9992851165885894
"2023-12-13",13356024,267025,1.9992851165885894
"2023-12-14",13356024,267025,1.9992851165885894
"2023-12-15",13356024,267025,1.9992851165885894
"2023-12-16",13356024,267025,1.9992851165885894
"2023-12-17",13359895,267026,1.9987133132408603
"2023-12-18",13359895,267026,1.9987133132408603
"2023-12-19",13359895,267026,1.9987133132408603
"2023-12-20",13359895,267026,1.9987133132408603
"2023-12-21",13359895,267026,1.9987133132408603
"2023-12-22",13359895,267026,1.9987133132408603
"2023-12-23",13359895,267026,1.9987133132408603
"2023-12-24",13360809,267032,1.9986214906597348
"2023-12-25",13360809,267032,1.9986214906597348
"2023-12-26",13360809,267032,1.9986214906597348
"2023-12-27",13360809,267032,1.9986214906597348
"2023-12-28",13360809,267032,1.9986214906597348
"2023-12-29",13360809,267032,1.9986214906597348
"2023-12-30",13360809,267032,1.9986214906597348
"2023-12-31",13361214,267037,1.998598330960046
"2024-01-01",13361214,267037,1.998598330960046
"2024-01-02",13361214,267037,1.998598330960046
"2024-01-03",13361214,267037,1.998598330960046
"2024-01-04",13361214,267037,1.998598330960046
"2024-01-05",13361214,267037,1.998598330960046
"2024-01-06",13361214,267037,1.998598330960046
"2024-01-07",13363493,267044,1.9983098730249642
"2024-01-08",13363493,267044,1.9983098730249642
"2024-01-09",13363493,267044,1.9983098730249642
"2024-01-10",13363493,267044,1.9983098730249642
"2024-01-11",13363493,267044,1.9983098730249642
"2024-01-12",13363493,267044,1.9983098730249642
"2024-01-13",13363493,267044,1.9983098730249642
"2024-01-14",13365074,267055,1.9981557902335596
"2024-01-15",13365074,267055,1.9981557902335596
"2024-01-16",13365074,267055,1.9981557902335596
"2024-01-17",13365074,267055,1.9981557902335596
"2024-01-18",13365074,267055,1.9981557902335596
"2024-01-19",13365074,267055,1.9981557902335596
"2024-01-20",13365074,267055,1.9981557902335596
"2024-01-21",13365896,267056,1.998040385769873
"2024-01-22",13365896,267056,1.998040385769873
"2024-01-23",13365896,267056,1.998040385769873
"2024-01-24",13365896,267056,1.998040385769873
"2024-01-25",13365896,267056,1.998040385769873
"2024-01-26",13365896,267056,1.998040385769873
"2024-01-27",13365896,267056,1.998040385769873
"2024-01-28",13366303,267061,1.9980169535285859
"2024-01-29",13366303,267061,1.9980169535285859
"2024-01-30",13366303,267061,1.9980169535285859
"2024-01-31",13366303,267061,1.9980169535285859
"2024-02-01",13366303,267061,1.9980169535285859
"2024-02-02",13366303,267061,1.9980169535285859
"2024-02-03",13366303,267061,1.9980169535285859
"2024-02-04",13366605,267061,1.9979718110918965
